{"validation_MSE": 9021.58992782596, "validation_RMSE": 94.98205055601801, "validation_R2": 0.3121380976695727}