{"validation_MSE": 1.8294938518630142, "validation_RMSE": 1.35258783517486, "validation_R2": 0.4556322375476991}