{"RMSE_loss": [368.6306457519531, 44.927608489990234, 97.57450866699219], "R_squared": [-0.6336663961410522, -464.8053894042969, -4.70790433883667], "training_duration": 5, "inference_latency": 0.38345618218030364}