{"validation_MSE": 2.0855777411539858e+28, "validation_RMSE": 144415294936304.66, "validation_R2": -1.5901736655790186e+24}