{"RMSE_loss": [2.7514021396636963, 2.759126901626587, 2.3316490650177], "R_squared": [-1.7252771854400635, -0.4273965358734131, -0.812195897102356], "training_duration": 5, "inference_latency": 0.31815592290874595}