{"RMSE_loss": [129.60935974121094, 184.7362823486328, 160.70106506347656], "R_squared": [-3.380970001220703, -4.812893390655518, -3.3987112045288086], "training_duration": 5, "inference_latency": 0.28389138991665147}