{"RMSE_loss": [138.0299530029297, 57.13780212402344, 87.7069320678711], "R_squared": [-1.0843539237976074, -1.2484357357025146, -4.961642265319824], "training_duration": 5, "inference_latency": 0.5531283762749549}