{"RMSE_loss": [181.97366333007812, 180.70086669921875, 223.58741760253906], "R_squared": [-1.2815837400268029, -1.4584533392602488, -0.9206362485233497], "training_duration": 5, "inference_latency": 0.6030690336891585}