{"RMSE_loss": [2.817728281021118, 1.4359325170516968, 1.4359325170516968], "R_squared": [-0.931252121925354, -1.0619022846221924, -1.0619022846221924], "training_duration": 5, "inference_latency": 0.41195139765842737}