{"validation_accuracy": 0.9831460674157303, "validation_recall": 0.984060984060984, "validation_F1": 0.9822868675962677}