{"RMSE_loss": [320.2128601074219, 92.31427001953125, 166.61959838867188], "R_squared": [-0.7925530672073364, -83.93612670898438, -6.832810878753662], "training_duration": 5, "inference_latency": 0.3079957011792326}