{"RMSE_loss": [18684134.0, 18684142.0, 18684158.0], "R_squared": [-18194113813.537086, -32234795559.75417, -33748315791.813553], "training_duration": 5, "inference_latency": 0.29167245240562123}