{"RMSE_loss": [179.02354431152344, 105.39031982421875, 153.57676696777344], "R_squared": [-1.7075378894805908, -2.5710387229919434, -3.37233304977417], "training_duration": 5, "inference_latency": 0.5854307374809532}