{"RMSE_loss": [251.89422607421875, 100.65888214111328, 135.08982849121094], "R_squared": [-0.7706419229507446, -19.010948181152344, -9.088037490844727], "training_duration": 5, "inference_latency": 0.5352270780669479}