{"RMSE_loss": [4.924468040466309, 4.161645412445068, 5.508863925933838], "R_squared": [-38.68244552612305, -2.9967596530914307, -9.115860939025879], "training_duration": 5, "inference_latency": 0.3592726149402308}