{"RMSE_loss": [2.513505697250366, 0.674460232257843, 0.9386467337608337], "R_squared": [-0.32231175899505615, -0.3646897077560425, 0.6224038004875183], "training_duration": 5, "inference_latency": 0.40850571531509966}