{"RMSE_loss": [2.1910829544067383, 1.4576127529144287, 2.3396408557891846], "R_squared": [-3.0193114280700684, -5.373904705047607, -0.8246396780014038], "training_duration": 5, "inference_latency": 0.46566450582465885}