{"RMSE_loss": [2.816159725189209, 1.2531964778900146, 3.7970004081726074], "R_squared": [-0.9690152406692505, -3.7115039825439453, -0.544701337814331], "training_duration": 5, "inference_latency": 0.29976965579532244}