{"RMSE_loss": [296.0894775390625, 558.7474975585938, 155.589111328125], "R_squared": [-4.25191068649292, -6.536482334136963, -8.79947566986084], "training_duration": 5, "inference_latency": 0.34675792766423064}