{"RMSE_loss": [2.9609792232513428, 4.1556291580200195, 0.9075891971588135], "R_squared": [-2.8966212272644043, -4.756418228149414, -Infinity], "training_duration": 5, "inference_latency": 0.474367175700173}