{"validation_MSE": 2.673165344491449e+27, "validation_RMSE": 51702662837531.39, "validation_R2": -7.954030759731698e+26}