{"RMSE_loss": [227.6182098388672, 169.731201171875, 141.95509338378906], "R_squared": [-1.8032286167144775, -3.6917123794555664, -43.0625], "training_duration": 5, "inference_latency": 0.25299548711443937}