{"validation_MSE": 1.8218833059133988, "validation_RMSE": 1.3497715754576396, "validation_R2": 0.45789676326087037}