{"validation_MSE": 7664.735461531562, "validation_RMSE": 87.54847492407599, "validation_R2": 0.41559308751477364}