{"RMSE_loss": [1.5108741521835327, 1.719032645225525, 3.314976215362549], "R_squared": [-2.28714656829834, -1.955073356628418, -1.5359387397766113], "training_duration": 5, "inference_latency": 0.3364061333060506}