{"RMSE_loss": [4422.42919921875, 4423.42919921875, 4422.7626953125], "R_squared": [-3129259.75, -4515397.0, -6520275.0], "training_duration": 5, "inference_latency": 0.3538646875303461}