{"RMSE_loss": [3.0758070945739746, 1.4723097085952759, 2.431450128555298], "R_squared": [-0.8212898969650269, -5.503087043762207, 0.15543586015701294], "training_duration": 5, "inference_latency": 0.43486759967103417}