{"RMSE_loss": [235.77076721191406, 157.61978149414062, 78.74308776855469], "R_squared": [-1.3089663982391357, -2.370810031890869, -1.9681541919708252], "training_duration": 5, "inference_latency": 0.2523773620363675}