{"RMSE_loss": [3342.810546875, 3345.419921875, 3362.92626953125], "R_squared": [-768.9152023704163, -841.6414935216221, -433.4952514498632], "training_duration": 5, "inference_latency": 0.6952517416252522}