{"RMSE_loss": [192.63375854492188, 276.6984558105469, 79.20028686523438], "R_squared": [-2.6035022735595703, -0.7960926294326782, -4.332404613494873], "training_duration": 5, "inference_latency": 0.26868166642151403}