{"RMSE_loss": [2.0260727405548096, 2.479863405227661, 1.2904655933380127], "R_squared": [-0.2850344181060791, -0.4191666841506958, 0.2862994074821472], "training_duration": 5, "inference_latency": 0.33155250214197113}