{"RMSE_loss": [5334.6376953125, 5341.56982421875, 5356.22900390625], "R_squared": [-1482.18322255547, -2633.6106848108757, -2772.469127493006], "training_duration": 5, "inference_latency": 0.27095018585938924}