{"RMSE_loss": [144.7623748779297, 78.77483367919922, 33.78092956542969], "R_squared": [-1.6588656902313232, -2.751042127609253, -109.43399810791016], "training_duration": 5, "inference_latency": 0.3943281928096147}