{"RMSE_loss": [2.6937544345855713, 1.2523376941680908, 0.8268940448760986], "R_squared": [-3.0816760063171387, -3.705049514770508, -Infinity], "training_duration": 5, "inference_latency": 0.46353504576010335}