{"RMSE_loss": [2.8047966957092285, 1.225374698638916, 2.60526704788208], "R_squared": [-1.462677001953125, -3.504629135131836, -0.2726404666900635], "training_duration": 5, "inference_latency": 0.31688030814429285}