{"RMSE_loss": [79069487104.0, 79069478912.0, 79069487104.0], "R_squared": [-4.307618218121732e+17, -4.707164372465628e+17, -2.4019734033126992e+17], "training_duration": 5, "inference_latency": 0.712228097253624}