{"RMSE_loss": [1.930285930633545, 2.0395846366882324, 3.2128043174743652], "R_squared": [-0.3022925853729248, -2.119929075241089, -6.741583824157715], "training_duration": 5, "inference_latency": 0.39956378494410266}