{"RMSE_loss": [183.34080505371094, 200.32273864746094, 89.38719940185547], "R_squared": [-3.517721176147461, -5.752346992492676, -957.8085327148438], "training_duration": 5, "inference_latency": 0.4571220015095485}