{"RMSE_loss": [128.4589080810547, 60.98859786987305, 78.53713989257812], "R_squared": [-0.333254337310791, -4.435376167297363, 0.13113361597061157], "training_duration": 5, "inference_latency": 0.4599198788601384}