{"RMSE_loss": [2.5503602027893066, 2.5975658893585205, 3.994489908218384], "R_squared": [-1.3415615558624268, -0.26512789726257324, -0.7095659971237183], "training_duration": 5, "inference_latency": 0.2964252797694219}