{"validation_MSE": 7714.196730109741, "validation_RMSE": 87.83049999920154, "validation_R2": 0.4118218539996119}