{"validation_MSE": 1.6216203703703702, "validation_RMSE": 1.2734285886418486, "validation_R2": 0.5174852040816327}