{"RMSE_loss": [3.561769723892212, 1.4784810543060303, 1.0679816007614136], "R_squared": [-0.9434183835983276, -5.557718276977539, -Infinity], "training_duration": 5, "inference_latency": 0.3797055863661499}