{"validation_accuracy": 0.9887640449438202, "validation_recall": 0.9894663894663894, "validation_F1": 0.9884884200673675}